model,strategy,package,target_reduction_pp
Gemma,Defensive prompt,Caveat-buried FAQ,7.1
Gemma,Defensive prompt,Popularity-heavy profile,8.6
Gemma,Defensive prompt,Citation-padded note,6.4
Gemma,Defensive prompt,Independent buyer guide,6.1
Gemma,Defensive prompt,False-fit checklist,12.0
Gemma,Defensive prompt,Selective comparison note,6.0
Gemma,Defensive prompt,AI-directed source text,37.9
Gemma,Defensive prompt,Full-stack realistic,36.8
Gemma,Rationale elicitation,Caveat-buried FAQ,15.3
Gemma,Rationale elicitation,Popularity-heavy profile,15.3
Gemma,Rationale elicitation,Citation-padded note,14.9
Gemma,Rationale elicitation,Independent buyer guide,15.0
Gemma,Rationale elicitation,False-fit checklist,13.2
Gemma,Rationale elicitation,Selective comparison note,15.9
Gemma,Rationale elicitation,AI-directed source text,14.9
Gemma,Rationale elicitation,Full-stack realistic,15.4
Gemma,Evidence breakdown,Caveat-buried FAQ,24.4
Gemma,Evidence breakdown,Popularity-heavy profile,26.2
Gemma,Evidence breakdown,Citation-padded note,21.6
Gemma,Evidence breakdown,Independent buyer guide,23.9
Gemma,Evidence breakdown,False-fit checklist,35.2
Gemma,Evidence breakdown,Selective comparison note,20.6
Gemma,Evidence breakdown,AI-directed source text,38.9
Gemma,Evidence breakdown,Full-stack realistic,46.7
Gemma,Context balancing,Caveat-buried FAQ,12.4
Gemma,Context balancing,Popularity-heavy profile,16.9
Gemma,Context balancing,Citation-padded note,8.7
Gemma,Context balancing,Independent buyer guide,8.4
Gemma,Context balancing,False-fit checklist,-1.8
Gemma,Context balancing,Selective comparison note,7.1
Gemma,Context balancing,AI-directed source text,31.3
Gemma,Context balancing,Full-stack realistic,9.2
Gemma,Instruction filtering,Caveat-buried FAQ,1.5
Gemma,Instruction filtering,Popularity-heavy profile,1.6
Gemma,Instruction filtering,Citation-padded note,0.2
Gemma,Instruction filtering,Independent buyer guide,0.3
Gemma,Instruction filtering,False-fit checklist,1.4
Gemma,Instruction filtering,Selective comparison note,0.8
Gemma,Instruction filtering,AI-directed source text,4.7
Gemma,Instruction filtering,Full-stack realistic,7.2
Qwen,Defensive prompt,Caveat-buried FAQ,-0.9
Qwen,Defensive prompt,Popularity-heavy profile,7.0
Qwen,Defensive prompt,Citation-padded note,0.6
Qwen,Defensive prompt,Independent buyer guide,0.6
Qwen,Defensive prompt,False-fit checklist,3.1
Qwen,Defensive prompt,Selective comparison note,-0.8
Qwen,Defensive prompt,AI-directed source text,41.9
Qwen,Defensive prompt,Full-stack realistic,36.4
Qwen,Rationale elicitation,Caveat-buried FAQ,-7.8
Qwen,Rationale elicitation,Popularity-heavy profile,-6.4
Qwen,Rationale elicitation,Citation-padded note,-7.7
Qwen,Rationale elicitation,Independent buyer guide,-7.6
Qwen,Rationale elicitation,False-fit checklist,-8.0
Qwen,Rationale elicitation,Selective comparison note,-7.8
Qwen,Rationale elicitation,AI-directed source text,-7.7
Qwen,Rationale elicitation,Full-stack realistic,-7.1
Qwen,Evidence breakdown,Caveat-buried FAQ,31.1
Qwen,Evidence breakdown,Popularity-heavy profile,38.6
Qwen,Evidence breakdown,Citation-padded note,33.3
Qwen,Evidence breakdown,Independent buyer guide,33.7
Qwen,Evidence breakdown,False-fit checklist,45.0
Qwen,Evidence breakdown,Selective comparison note,33.1
Qwen,Evidence breakdown,AI-directed source text,44.1
Qwen,Evidence breakdown,Full-stack realistic,55.2
Qwen,Context balancing,Caveat-buried FAQ,2.3
Qwen,Context balancing,Popularity-heavy profile,11.5
Qwen,Context balancing,Citation-padded note,3.4
Qwen,Context balancing,Independent buyer guide,0.9
Qwen,Context balancing,False-fit checklist,-7.1
Qwen,Context balancing,Selective comparison note,2.7
Qwen,Context balancing,AI-directed source text,16.1
Qwen,Context balancing,Full-stack realistic,6.7
Qwen,Instruction filtering,Caveat-buried FAQ,-6.9
Qwen,Instruction filtering,Popularity-heavy profile,-3.7
Qwen,Instruction filtering,Citation-padded note,-5.5
Qwen,Instruction filtering,Independent buyer guide,-5.9
Qwen,Instruction filtering,False-fit checklist,-5.1
Qwen,Instruction filtering,Selective comparison note,-5.6
Qwen,Instruction filtering,AI-directed source text,6.6
Qwen,Instruction filtering,Full-stack realistic,2.3
Devstral,Defensive prompt,Caveat-buried FAQ,2.6
Devstral,Defensive prompt,Popularity-heavy profile,2.7
Devstral,Defensive prompt,Citation-padded note,3.3
Devstral,Defensive prompt,Independent buyer guide,2.6
Devstral,Defensive prompt,False-fit checklist,3.3
Devstral,Defensive prompt,Selective comparison note,2.2
Devstral,Defensive prompt,AI-directed source text,3.6
Devstral,Defensive prompt,Full-stack realistic,2.0
Devstral,Rationale elicitation,Caveat-buried FAQ,-2.8
Devstral,Rationale elicitation,Popularity-heavy profile,-2.9
Devstral,Rationale elicitation,Citation-padded note,-2.1
Devstral,Rationale elicitation,Independent buyer guide,-2.3
Devstral,Rationale elicitation,False-fit checklist,-4.4
Devstral,Rationale elicitation,Selective comparison note,-1.9
Devstral,Rationale elicitation,AI-directed source text,-0.7
Devstral,Rationale elicitation,Full-stack realistic,-1.2
Devstral,Evidence breakdown,Caveat-buried FAQ,13.4
Devstral,Evidence breakdown,Popularity-heavy profile,19.9
Devstral,Evidence breakdown,Citation-padded note,18.7
Devstral,Evidence breakdown,Independent buyer guide,17.6
Devstral,Evidence breakdown,False-fit checklist,26.6
Devstral,Evidence breakdown,Selective comparison note,14.9
Devstral,Evidence breakdown,AI-directed source text,14.6
Devstral,Evidence breakdown,Full-stack realistic,16.2
Devstral,Context balancing,Caveat-buried FAQ,4.7
Devstral,Context balancing,Popularity-heavy profile,5.8
Devstral,Context balancing,Citation-padded note,5.0
Devstral,Context balancing,Independent buyer guide,3.3
Devstral,Context balancing,False-fit checklist,-1.6
Devstral,Context balancing,Selective comparison note,5.1
Devstral,Context balancing,AI-directed source text,2.4
Devstral,Context balancing,Full-stack realistic,0.7
Devstral,Instruction filtering,Caveat-buried FAQ,-1.4
Devstral,Instruction filtering,Popularity-heavy profile,-1.7
Devstral,Instruction filtering,Citation-padded note,-1.2
Devstral,Instruction filtering,Independent buyer guide,-0.7
Devstral,Instruction filtering,False-fit checklist,-2.3
Devstral,Instruction filtering,Selective comparison note,-1.7
Devstral,Instruction filtering,AI-directed source text,7.4
Devstral,Instruction filtering,Full-stack realistic,5.4
